{
  "project_info": {
    "project_number": "912503749331",
    "firebase_url": "https://andro-17e5a.firebaseio.com",
    "project_id": "andro-17e5a",
    "storage_bucket": "andro-17e5a.appspot.com"
  },
  "client": [
    {
      "client_info": {
        "mobilesdk_app_id": "1:912503749331:android:810c029f35d26ae4",
        "android_client_info": {
          "package_name": "com.mariami.lomtadze.dedac"
        }
      },
      "oauth_client": [
        {
          "client_id": "912503749331-evqbil686bls6p4icd9u3ns07vmi3e79.apps.googleusercontent.com",
          "client_type": 1,
          "android_info": {
            "package_name": "com.mariami.lomtadze.dedac",
            "certificate_hash": "f35d2b1c82ab189b082bebfbbc0f45466c3f31d8"
          }
        },
        {
          "client_id": "912503749331-kata6vppdbfvmfdmru6v96vbl6bpf3ea.apps.googleusercontent.com",
          "client_type": 3
        }
      ],
      "api_key": [
        {
          "current_key": "AIzaSyCBx5m9rAzJvdq3IFD5udnXWNiVqJc_ikw"
        }
      ],
      "services": {
        "analytics_service": {
          "status": 1
        },
        "appinvite_service": {
          "status": 2,
          "other_platform_oauth_client": [
            {
              "client_id": "912503749331-kata6vppdbfvmfdmru6v96vbl6bpf3ea.apps.googleusercontent.com",
              "client_type": 3
            }
          ]
        },
        "ads_service": {
          "status": 2
        }
      }
    }
  ],
  "configuration_version": "1"
}